"(37.68300052650379, -121.76996567604276)",22.98425719432408
"(37.68906358875902, -121.76453849444677)",20.28657130975031
"(37.68270471387823, -121.77719661613851)",24.684538822226756
"(37.68190197796928, -121.7670469041338)",22.393467441237682
"(37.681466688306706, -121.76634738101535)",19.314374172512103
"(37.68230886652727, -121.7641959672873)",15.1875010621136
"(37.690005230734485, -121.76593910931258)",16.703539987445698
"(37.68420111802924, -121.76649446225495)",22.69475383586724
"(37.681130991945636, -121.76812731659197)",23.725767321033903
"(37.681490318838065, -121.77572771661005)",24.28425498137804
"(37.67329136395863, -121.76675264171122)",22.75585938824408
"(37.68341812068283, -121.75911906212166)",15.148066849837088
"(37.686708466329044, -121.77549272725145)",21.523264532115988
"(37.68116698791468, -121.77042710210316)",22.726156419282916
"(37.68199655852121, -121.768179591257)",24.401459858961395
"(37.68297688269877, -121.7687293035078)",20.15858857036236
"(37.67866319638038, -121.76097448266164)",15.537498592964727
"(37.676430032750744, -121.7692822515845)",18.626172677041733
"(37.6899072408995, -121.76460064786683)",15.670739351766803
"(37.68342365741876, -121.76905314771676)",21.709833978026545
"(37.68069627574933, -121.76344849354011)",24.537690679804278
"(37.68217421469865, -121.76785006370997)",17.72329735281675
"(37.68295331391013, -121.77188728946942)",21.047210530376503
"(37.67633953535167, -121.7622419575939)",15.110247403180864
"(37.68695880637801, -121.75964264699296)",16.887971158536875
"(37.682576059028555, -121.76585501545286)",24.314115875153984
"(37.67936996670739, -121.76664814618152)",22.014649036387624
"(37.682973067701084, -121.76460448204112)",23.338548246153582
"(37.678637108459604, -121.76331789337034)",15.518077539523482
"(37.6812674351802, -121.76059406617773)",17.363469118859793
"(37.68086139926526, -121.76832568858285)",20.17180950548875
"(37.68172342377757, -121.76812866113609)",19.38662109283792
"(37.68359750394584, -121.77589189325535)",23.519462538755185
"(37.67931826715812, -121.76225539679078)",21.01706143474959
"(37.67734810810619, -121.77524834429921)",21.800936343353854
"(37.6821304723135, -121.76107063375571)",23.50121648545183
"(37.679278240354606, -121.75950816615496)",18.017963185489556
"(37.67829292693051, -121.76834738956369)",21.967443302621668
"(37.681567763301636, -121.77708540994574)",16.50706642240831
"(37.68025455571025, -121.76981032660441)",18.49023911666938
"(37.68608948775544, -121.75866897589088)",17.239178244131764
"(37.682918161812346, -121.773124993504)",20.061352568136357
"(37.685818472238104, -121.7635498534217)",23.87070629941382
"(37.68117112487091, -121.76684560545826)",16.448775470579434
"(37.674014798809466, -121.76268472931484)",18.452267272237773
"(37.690514553529695, -121.77090690437628)",19.491555546587556
"(37.68235721712987, -121.76800834410952)",18.243619732508662
"(37.67596297050077, -121.75968708905611)",21.988669972544965
"(37.6805072136269, -121.76854716171275)",20.64505766098947
"(37.68086892947607, -121.76640350041548)",16.264286861725537
"(37.67395290220081, -121.7646509891765)",22.159895971889526
"(37.68800512270624, -121.77371844589351)",24.2861087148005
"(37.67605264619467, -121.77423606904456)",21.90462801254164
"(37.67473678049026, -121.77033328621411)",18.92423561421296
"(37.679156243897125, -121.77463462906594)",23.940340137167983
"(37.681538453099165, -121.77493062168318)",16.352005721454077
"(37.681250696437374, -121.76920527224537)",16.57858001632858
"(37.68897841640878, -121.76980931585318)",19.488100298931304
"(37.67688088262055, -121.76186039312695)",15.005504739458074
"(37.68196732918834, -121.76818966673241)",21.063235442478994
"(37.68008733033573, -121.77277437878998)",21.355876908002784
"(37.67911799836076, -121.77386440700022)",19.691742378234764
"(37.685025081586474, -121.76759393748888)",19.287514572426872
"(37.682655535992886, -121.7652636825345)",17.04658031013556
"(37.680543524920346, -121.76453562321133)",19.862383157784173
"(37.6793720861987, -121.75856621859197)",15.68278954847265
"(37.68375803396677, -121.7645102154024)",18.699701305050255
"(37.688247204057916, -121.772354022104)",19.189132906162364
"(37.681787878651534, -121.77401127604557)",20.149274364926846
"(37.682677117474, -121.76734080040157)",15.392903423709347
"(37.68188317814739, -121.76802489264269)",17.980665306221066
"(37.68194101144192, -121.76415266113179)",15.901078951086564
"(37.68285155498784, -121.77077683125594)",15.449261712602194
"(37.6811050086402, -121.77177176121609)",23.266476831212792
"(37.68542336721698, -121.7724569293187)",24.348431229007637
"(37.68077462033908, -121.76535546397908)",19.524974159376296
"(37.680568932032564, -121.76673114160307)",17.322555088638588
"(37.6746095390815, -121.77276925860777)",18.659045707441436
"(37.68107865880252, -121.77171241047712)",22.94253105421209
"(37.68518317272801, -121.77352868511578)",20.365500361091854
"(37.675491608033134, -121.7759502731277)",19.08766036418272
"(37.688449891832754, -121.76261995018241)",19.340710003661055
"(37.685034734882656, -121.77101719765828)",24.74793539309035
"(37.68503815345238, -121.76912081083209)",18.210431450660714
"(37.686340350005935, -121.76127308202835)",16.003923890068844
"(37.676621540831455, -121.77636977481842)",24.801458099537456
"(37.674786643373, -121.76252585589509)",16.161083090972614
"(37.68441025910386, -121.76971462028715)",24.98686630694276
"(37.688857727419595, -121.76181924138639)",20.49082735048845
"(37.68732037378358, -121.76791690408872)",18.5637360467013
"(37.67688533024162, -121.75882968628306)",19.45845143329658
"(37.68039456798995, -121.7689070633649)",17.819475332878127
"(37.679302365751596, -121.77099710894495)",19.85084956369557
"(37.67853339310142, -121.76496848232821)",23.42886328435145
"(37.68119219141674, -121.76351792182871)",16.262548656677655
"(37.67669257201585, -121.77142478050766)",21.111264290560303
"(37.67904955317533, -121.75755650939622)",24.873111509934866
"(37.6795010937618, -121.77501238283317)",21.468133930407447
"(37.68389556256059, -121.76896035230841)",16.205211422371114
"(37.686626086499615, -121.76002554291422)",22.358983047376363
"(37.68008957998102, -121.75820493979589)",17.30054319931873
"(37.682074080241776, -121.77043336128095)",24.488865133833663
"(37.682691430197565, -121.77685572902313)",20.288262094295032
"(37.675230809129374, -121.77352491042203)",18.476315770222374
"(37.68580139643132, -121.77355777129993)",17.4910332820012
"(37.686947670897474, -121.76968734673767)",17.92676597372692
"(37.68195088690047, -121.76553126682586)",15.329964000881807
"(37.68178319182789, -121.76806220776952)",20.333008364551166
"(37.681008463279056, -121.76525971555287)",24.236470532082457
"(37.67812935690728, -121.7691772585206)",20.352680128892167
"(37.68097829413718, -121.77616548229351)",22.723538639277038
"(37.681289464880344, -121.76769612018083)",20.865283978946497
"(37.68158506571613, -121.76758582443344)",24.79022140012996
"(37.674428761891754, -121.76308747929453)",17.380638346476545
"(37.681907635900046, -121.76797751512645)",24.448230975547943
"(37.676096735493864, -121.76460595395089)",16.519497420959635
"(37.680436692553684, -121.76390535641198)",18.036079625365506
"(37.684108460777594, -121.77776254517369)",17.724147503958342
"(37.680606569165974, -121.76293955562367)",18.175717899029255
"(37.68257495442991, -121.76930956751724)",20.053093672677072
"(37.688576657455734, -121.76374885769631)",15.047056209333661
"(37.68045501689493, -121.7674155878377)",18.351279105672948
"(37.68428723652559, -121.76854094079776)",17.581465904748853
"(37.67715169333755, -121.77337797162053)",18.203644496890654
"(37.6861040717653, -121.75979085699151)",24.817437637587684
"(37.67786977620724, -121.76093051081773)",16.311965537191806
"(37.67585765831775, -121.76569122990392)",18.515370808905047
"(37.6758543778975, -121.76315890496979)",17.431117197960926
"(37.681567411084856, -121.76731370659245)",19.67925027243335
"(37.684792187254786, -121.7700118832818)",16.33333055128284
"(37.68672944962861, -121.77324104052957)",21.076579857165974
"(37.68541481904938, -121.76726731992295)",16.94337278660057
"(37.68790804042797, -121.7726858799119)",19.017071708583536
"(37.68279928530037, -121.76783729962848)",22.570842867871548
"(37.68304097014886, -121.76042142946291)",22.376369563391396
"(37.68045106472253, -121.76925731676774)",19.466885220379872
"(37.67491301362082, -121.7700880498671)",23.70243334735606
"(37.67631361778004, -121.76200655949714)",23.856025477250007
"(37.68740875416757, -121.7709462852349)",22.03239752946797
"(37.6862843720345, -121.76813928883332)",18.628228908279787
"(37.682040307596786, -121.76997396659064)",18.279562703616616
"(37.68668802925601, -121.7702875814388)",17.4210128605895
"(37.67699163996793, -121.76124949251424)",15.92192986029946
"(37.68289712250086, -121.76646676483055)",16.224018977962793
"(37.67912129963381, -121.76209897138128)",22.974211098908285
"(37.67790278083995, -121.76396667318838)",22.95965758515827
"(37.67947529745525, -121.76811539619946)",18.29046632336442
"(37.68740412823802, -121.77314779498192)",21.23246109265148
"(37.67784811518685, -121.76289663335795)",19.964923123827433
"(37.682049683908026, -121.76467351492275)",18.655764476154296
"(37.681896503755645, -121.76811007784771)",21.06143823779829
"(37.680963196990234, -121.77071865732225)",16.80179893390947
"(37.67779591518638, -121.76942755929296)",21.20640057055931
"(37.684080262515714, -121.76987940336855)",23.81205315130916
"(37.6758599356188, -121.7746035684566)",18.980670882287747
"(37.690785916360795, -121.76760687581654)",21.859336144475556
"(37.6860489449205, -121.77120931878443)",19.3532518627676
"(37.680483186145935, -121.77120685647243)",15.560467606208164
"(37.68339989410062, -121.76707455055717)",20.141260716644126
"(37.690045171074686, -121.7701756751437)",19.091462062049754
"(37.68275994454362, -121.76579550997845)",20.24636563572769
"(37.686187311431176, -121.76351008915165)",20.760610566461533
"(37.68513667619453, -121.76708992235278)",16.065122337841082
"(37.67902103343581, -121.7695444420341)",21.930375340555656
"(37.68530854207684, -121.77307051707281)",16.643377738892635
"(37.67906034453574, -121.76560189130188)",24.414920537779206
"(37.6842081175758, -121.76633314954424)",19.663591495169065
"(37.679458994529526, -121.76642786386944)",21.53539564829254
"(37.68219275193305, -121.76798476335944)",16.910745383511706
"(37.68262911611598, -121.75834999236207)",22.857571301569042
"(37.685832913549504, -121.77814353618008)",21.362590813029186
"(37.68816941963584, -121.76328114850484)",22.558030150238928
"(37.67954411762213, -121.7666084396465)",24.734995542387708
"(37.685052455774866, -121.76766408611309)",18.484094008639495
"(37.68607672280261, -121.77061176396339)",19.641054213719617
"(37.681267135854036, -121.76992103270568)",19.167441419925304
"(37.68822006559058, -121.7623953845499)",24.909867740397345
"(37.681937958266055, -121.76802532465273)",24.23688024776827
"(37.67545671966333, -121.77198017092056)",23.984565234067464
"(37.6811210536176, -121.76792393631524)",19.58922044093631
"(37.68247417701937, -121.77215179180038)",23.612652745541233
"(37.68237457488765, -121.75818869474872)",20.55050235081501
"(37.681515107115885, -121.76626070932674)",16.061160224805505
"(37.68026758252827, -121.76518507036324)",24.507368112051154
"(37.676425986138426, -121.77108012978088)",21.639349397447916
"(37.681928358135, -121.76475258985319)",21.45901751949802
"(37.683446943297646, -121.75914290788603)",24.763811397295626
"(37.68798582870227, -121.77006738775624)",23.622177008725764
"(37.68553522855412, -121.76672179218627)",17.34055943719334
"(37.684460881508464, -121.76779955442811)",18.22134851938823
"(37.67471025974811, -121.77117347509862)",16.745941788385224
"(37.680191153613976, -121.76708821341816)",21.143525831884467
"(37.68197124007553, -121.76812246952791)",15.940407598582983
"(37.684054314773775, -121.76320798235638)",20.965842527617234
"(37.68306477382515, -121.76660229392576)",21.68440147474773
"(37.68110089510891, -121.76842641495242)",22.756577249913185
"(37.67881523142479, -121.77098609662416)",18.076992291622393
"(37.678778262465755, -121.7676330309465)",23.601152871700435
"(37.68632078744731, -121.75846414766966)",15.927985155615827
"(37.679388375125164, -121.76686898821437)",17.35432797316269
"(37.68212438085138, -121.76834014897841)",17.968892371843957
"(37.67914173062109, -121.75833389461025)",23.630534591419067
"(37.68072852620763, -121.76743435585949)",22.737517364420654
"(37.68228337746031, -121.7690405916473)",15.666033409300901
"(37.68838851278588, -121.76499003269203)",24.85126867918088
"(37.68294863686314, -121.7568548323435)",23.024817776730423
"(37.68239277049376, -121.76826365431727)",20.782854161741334
"(37.682909871114155, -121.76756083609862)",22.733173538354734
"(37.685510350221776, -121.77561682626107)",18.014969727348763
"(37.681753070471686, -121.77847637463292)",15.517292187251176
"(37.68759733094146, -121.7726517963011)",20.568756319975662
"(37.68273620184951, -121.76843216703487)",20.036783220870234
"(37.68041174515105, -121.76905810379026)",15.691974201143092
"(37.67689757813778, -121.77134576842278)",18.78179763899533
"(37.67712184996606, -121.77237681203032)",17.789583249071054
"(37.67979327197407, -121.75876838714308)",24.183933303075975
"(37.681418917696746, -121.76901642020361)",24.343098868426154
"(37.68108610617759, -121.76748639417525)",18.278424691659396
"(37.67914283892714, -121.76694040979402)",21.671683741528952
"(37.68165972644465, -121.7631727369973)",24.359615577488512
"(37.67808435299391, -121.75992708352257)",21.002719752802413
"(37.680047414060475, -121.77316558763061)",24.13367992763992
"(37.681504683297646, -121.77085689578924)",21.34674357215757
"(37.681799788481406, -121.7653741680871)",18.401264201119844
"(37.68086916546434, -121.77380745933448)",22.738300474920653
"(37.67650207786093, -121.76109427334244)",15.10878472585917
"(37.69023293569691, -121.77137575851339)",18.284923315251184
"(37.677352529748035, -121.7582980139065)",15.845375366694652
"(37.68847059833148, -121.77045407450603)",24.65862603515661
"(37.6820309017511, -121.76778591466964)",18.462354741155995
"(37.68087772845587, -121.76968862086395)",23.901355584495494
"(37.68386679428286, -121.76386713951514)",18.72892645184406
"(37.68486539204184, -121.76704335893841)",23.15950806399887
"(37.68233268465461, -121.77156194056184)",17.69053108641494
"(37.67953165888433, -121.76879848276974)",23.2964276925045
"(37.675094277122895, -121.76811773673201)",19.448356424594543
"(37.67849328121472, -121.7723627023815)",15.316758714306772
"(37.67923482173311, -121.76266098854738)",24.391414415478927
"(37.68232123776315, -121.76729154929221)",19.535066646275368
"(37.680741945476356, -121.76567173891317)",19.417307134681792
"(37.684613968631005, -121.76130110322315)",24.869821812579097
"(37.68351623810811, -121.76836313629259)",23.42206752658042
"(37.68245176359248, -121.76829809387871)",16.880654841974277
"(37.68735650264193, -121.76228537237758)",16.53502040259241
"(37.68946531652739, -121.77246433857277)",18.765465699438803
"(37.680111888048884, -121.77755724258594)",24.861708982691432
"(37.676566836715025, -121.76356650401056)",15.668446891830767
"(37.68756405759938, -121.77071343419895)",18.260778084281565
"(37.680533372021145, -121.76499360226084)",24.522104826292036
"(37.680626020166734, -121.76655434297025)",17.820651797701753
"(37.680640242651236, -121.77858281946003)",15.965395697785299
"(37.68137476571075, -121.77731254000548)",20.11412132866739
"(37.68966730171492, -121.76732370967714)",21.863043055474375
"(37.678026217599545, -121.76529255681679)",16.674921007636982
"(37.685665706985006, -121.75817463284493)",20.268121000991492
"(37.68025337175913, -121.77612153216914)",16.91428257503216
"(37.688392096631446, -121.76115908268716)",16.23707090810474
"(37.67983434188543, -121.77632176551525)",20.412387798402875
"(37.68148396276199, -121.77569853060085)",22.96341211106064
"(37.68943697568473, -121.76668237475721)",21.531868754517927
"(37.67796706028118, -121.76187736197281)",19.290193159761586
"(37.68544241356851, -121.77218039798422)",24.082978153834866
"(37.675934783306595, -121.77263802224662)",20.867041761288426
"(37.67743685955027, -121.7710742864381)",20.069653826703764
"(37.67490563841997, -121.76115521327287)",18.59760531155576
"(37.68878743440498, -121.76992421806335)",15.766239581625854
"(37.68181942367472, -121.76983195046024)",23.875636814097966
"(37.68477994835277, -121.77077238390126)",17.290759587642736
"(37.68095399839441, -121.76188998632185)",18.84710338680774
"(37.6836991679687, -121.76145907262789)",15.203917981898712
"(37.67757326860647, -121.76960953020995)",22.235593863159522
"(37.67606776544385, -121.77083862646094)",17.593952117088534
"(37.68118150186955, -121.77435685513551)",19.30803887956637
"(37.68837925811565, -121.76493509830192)",20.590196432667135
"(37.684390814496915, -121.76741261496193)",21.06218339980135
"(37.68039595405481, -121.76273804458674)",21.7910757898907
"(37.68096366116642, -121.76722713952682)",20.833361534705332
"(37.68484560816954, -121.77616898835615)",20.808569375839294
"(37.68178285265933, -121.76393276541745)",15.502992483980547
"(37.678145030992326, -121.76646625551892)",23.605191227791188
"(37.6807338085968, -121.77708578647031)",22.7242976674489
"(37.684741590779645, -121.77013340168264)",20.61489634900067
"(37.68004522278623, -121.76776486603397)",18.532686210229134
"(37.68229968017438, -121.76571668915706)",17.114226847186398
"(37.68812684774294, -121.77316794298926)",21.55213496418606
"(37.68652158707514, -121.76651951543658)",16.422090386382227
"(37.681856186434885, -121.76768626906434)",19.339360911704766
"(37.682686502797225, -121.76589316803025)",20.852832605055234
"(37.67804813043878, -121.77068250614873)",21.697303792593118
"(37.6735245362435, -121.7712412480078)",16.742555030381098
"(37.68160391309824, -121.76813782976072)",15.894980163544988
"(37.67688736320093, -121.76904564812557)",21.88061250339632
"(37.68346522192284, -121.77206760206161)",22.88852454903737
"(37.68829821978561, -121.77158016678761)",19.06287425270019
"(37.67712694761551, -121.76521687123416)",19.749505684153824
"(37.68222246686419, -121.76282501116012)",18.587926005925883
"(37.68159737059079, -121.76697390069711)",15.963654003496625
"(37.67991884707691, -121.76577675419982)",19.171438751626827
"(37.68256017924552, -121.7689930083409)",16.363687868438255
"(37.688662888307945, -121.76740690658426)",24.168253751813786
"(37.68334219769511, -121.76252439734475)",21.73148475232633
"(37.67515932875234, -121.77134480950335)",20.125689420768573
"(37.68182469124539, -121.76620505981822)",24.11694782866667
"(37.68112603800197, -121.76170216467544)",21.56804727011732
"(37.675574443275444, -121.76803682203564)",19.45042619792718
"(37.68296784777484, -121.76774368786413)",15.720798551772145
"(37.67824873698784, -121.77549237159793)",23.331781408675567
"(37.67809437903135, -121.7596785895921)",24.245867270363675
"(37.68319085741126, -121.76199286066954)",21.045963126883215
"(37.68969500922637, -121.76394278326711)",17.93457986087174
"(37.68280786740731, -121.77461026058047)",16.973695988866382
"(37.68557496112763, -121.76402671862509)",15.136458303432502
"(37.67828558882598, -121.77175919619219)",22.80028320347637
"(37.68317884571254, -121.77661059481183)",22.17464031557645
"(37.67644101555787, -121.77522275409586)",24.34318181517532
"(37.68432398512908, -121.76222338763345)",24.401585798745103
"(37.68278461073486, -121.7678116793736)",18.68499224970014
"(37.68607796542876, -121.76385148119785)",15.30021873042753
"(37.68700867488946, -121.76518450012863)",15.438292002872153
"(37.68343575008645, -121.76706654120157)",20.172044014850016
"(37.68382847429077, -121.76810251950997)",24.9231543316118
"(37.678179393445056, -121.76492821799349)",16.960330913160135
"(37.68820664054475, -121.76297196422694)",16.545894397452567
"(37.689004446846496, -121.7697357958673)",21.22103587811229
"(37.68708483724269, -121.77378198885249)",18.29027848742473
"(37.68092461944392, -121.77788005416281)",15.635422368945651
"(37.68323952846429, -121.76123963230152)",20.45167167996592
"(37.685581768357, -121.76273518579707)",24.565954701797768
"(37.68140487000799, -121.77847236760714)",18.559524577395976
"(37.680948179499175, -121.76986421701712)",21.07560847954834
"(37.681168796388306, -121.77355188103358)",24.79605858778657
"(37.67882921720109, -121.76694322322632)",20.71415375371864
"(37.690367274517314, -121.76747232841743)",20.322311800503265
"(37.68951588109795, -121.76720079143615)",21.51427269932185
"(37.67857407066915, -121.76482978244624)",18.4852187607433
"(37.68539464787754, -121.7675188107859)",18.99305138034443
"(37.682500628520415, -121.7661546759514)",18.526440671868162
"(37.67820654400071, -121.76765196915447)",24.518407609187534
"(37.68190775959305, -121.76801355755708)",23.587538012907615
"(37.68215917935088, -121.76348644892161)",20.04486704818656
"(37.682801559473525, -121.76908473181558)",16.783139280921844
"(37.68317298661992, -121.77152553639209)",21.75124447721575
"(37.68234451213363, -121.76807518283161)",24.025892631565767
"(37.6822061562739, -121.77003743338959)",20.351840509351383
"(37.68365089395203, -121.7622151232233)",19.71798661059165
"(37.67931832411656, -121.76425561035428)",19.554729915541586
"(37.677951069449676, -121.76821361073799)",15.15756509623973
"(37.68560904132777, -121.77099135909032)",17.144549968271846
"(37.684887102195376, -121.77514080620111)",18.291032880368352
"(37.68550967806819, -121.77760351427158)",17.685918715747576
"(37.67822622927609, -121.76775555166432)",24.004276830389998
"(37.681566781354206, -121.76260102923332)",17.48393254289104
"(37.677360541085235, -121.77308483387311)",20.373652495946384
"(37.68170363707522, -121.7680128026078)",16.3566486719399
"(37.689690778492775, -121.77183700760709)",22.753596695444273
"(37.6795899399054, -121.76414034324162)",15.267039040468774
"(37.67397645925435, -121.76566798766736)",22.5843085729195
"(37.678885091921195, -121.7765169236342)",17.810196394164524
"(37.68247887713183, -121.76911694943371)",21.133707145413293
"(37.68155356928695, -121.76596217515105)",17.068602107987253
"(37.683645537011834, -121.76523136273535)",20.662073712595085
"(37.684882435088596, -121.7628641580052)",20.310297415896784
"(37.67497607976186, -121.77072307768707)",16.069490540772502
"(37.681807813018224, -121.76828000396033)",24.1788790771191
"(37.68545253278928, -121.778385578923)",21.705362952345393
"(37.68082104822088, -121.77091746228052)",20.881805663936476
"(37.68243373317971, -121.76455665966915)",17.11328489830358
"(37.67503311360269, -121.77360159807435)",23.397468759804447
"(37.68942402189644, -121.76924123091602)",22.070575295601238
"(37.686519311476836, -121.77107086177077)",16.57962266849983
"(37.68274568170539, -121.76869520565634)",20.8719103140372
"(37.685324987130855, -121.7577139132137)",16.334502845699465
"(37.678929926448724, -121.76774242460115)",20.307692057910202
"(37.677127357709196, -121.76149054296104)",17.585172534838147
"(37.68342847781262, -121.76912231911189)",21.197408160917703
"(37.68128294482032, -121.76848267177918)",24.675075172360152
"(37.68378447421269, -121.76183482064141)",22.573155908795723
"(37.68251453009001, -121.76736633889583)",20.777539018142324
"(37.67496735972394, -121.7677041007762)",18.577731581134238
"(37.68342996588327, -121.76737332199808)",16.501348621820643
"(37.68609044077564, -121.7707810142226)",17.00396404091241
"(37.67611123932708, -121.77485116511278)",15.291764102506322
"(37.67964637893421, -121.76313880723454)",16.752103522271472
"(37.6796354628019, -121.76576424509197)",21.965745962159623
"(37.68657055358971, -121.76499655867657)",23.68207898365492
"(37.6806213728677, -121.76773943967426)",17.585098785217948
"(37.68256974885828, -121.76815105607812)",22.706570383561797
"(37.68274788035512, -121.76613804696333)",24.739791650815448
"(37.68580454239442, -121.77529930728315)",20.672719639654538
"(37.681595124256596, -121.7676559438075)",23.02771185578156
"(37.67783507274011, -121.76511472916067)",18.54570208813578
"(37.68180943707846, -121.76900598547567)",20.789982081881703
"(37.677451111072315, -121.76310626049235)",22.613421383975606
"(37.68035739096787, -121.76876079348717)",21.41196721156005
"(37.67876587827683, -121.76845995492727)",23.42300920557337
"(37.68224365135154, -121.77534515480761)",15.00440765607512
"(37.683929221537824, -121.76223074209533)",15.480920820775703
"(37.687739404382015, -121.76664790889596)",24.675197442545574
"(37.68475548420709, -121.76649015286637)",21.792340412095534
"(37.67542186602131, -121.76214676152694)",16.93150245511845
"(37.681584407264175, -121.76729445402162)",19.150699975167925
"(37.68338347531517, -121.75780499150076)",23.877349388199235
"(37.68494566358699, -121.76074549781467)",21.383313569459546
"(37.67750499230391, -121.76482493812118)",21.903231208717912
"(37.68344269060365, -121.77169401804473)",22.09197805438843
"(37.68661800272831, -121.77736358529381)",21.519541955242175
"(37.682938859096694, -121.76989663445318)",15.15679521917461
"(37.67790577921, -121.76476288213877)",17.241212696873887
"(37.674246806994645, -121.7630330322165)",21.146868533133812
"(37.6820314621753, -121.75760460696154)",21.576041114113515
"(37.685040492195455, -121.763281298566)",15.496939845151216
"(37.67759448629778, -121.76393077328875)",17.213134551530096
"(37.681804385910006, -121.76803980853843)",22.72593970549987
"(37.68840612480442, -121.77498667348901)",22.711233532179087
"(37.68111119182581, -121.76523504780238)",17.424154887089227
"(37.67627430657339, -121.77667782770398)",19.748092398795894
"(37.673995395758226, -121.76745570061648)",17.50333146630917
"(37.68397392943114, -121.76776596875217)",16.52756844514441
"(37.67635660239712, -121.7671827535153)",22.753621843283284
"(37.67475060014808, -121.77266996936092)",24.40669366656345
"(37.67645933361511, -121.7687185409523)",22.940899738545813
"(37.682933734732934, -121.76750747902987)",18.57652090194501
"(37.68479045556653, -121.76170659934034)",21.808833374311735
"(37.676701914165356, -121.76259587181531)",20.78841550543128
"(37.68281230231539, -121.76831300770603)",18.20107075156319
"(37.68361538312097, -121.76979666177557)",16.48527288014343
"(37.683665423064326, -121.76396480734914)",19.644569684712295
"(37.67749107912901, -121.76356785765675)",23.57462317018735
"(37.67996353487124, -121.76324980683616)",16.07215609409161
"(37.68678406130701, -121.75966919401529)",16.18204023451858
"(37.68304021536648, -121.76794191931636)",20.766799628476093
"(37.67794798285719, -121.768908062651)",22.387717938413296
"(37.6731986285333, -121.76782802044212)",18.40359907594888
"(37.68156214457793, -121.76769295214858)",23.128604914028553
"(37.684138427123884, -121.7670845240494)",16.838579428627213
"(37.68291770307098, -121.76819288106513)",18.38445673713419
"(37.67988737526548, -121.77229965575141)",19.195533474956008
"(37.68889406666029, -121.76913706282917)",16.423330991226923
"(37.688345427415044, -121.76623308983426)",18.336593623642123
"(37.6819011114455, -121.76898015259155)",19.6124664512869
"(37.684102230768126, -121.7663563363958)",22.528216897759343
"(37.68249414770421, -121.76728949305031)",17.379678000265248
"(37.68538351422307, -121.76719643602904)",21.87819471753499
"(37.68270976303355, -121.76803241122344)",24.30971276928767
"(37.6795586093103, -121.77369360983883)",20.50405553818829
"(37.68111536256442, -121.76699837194644)",15.572523334505913
"(37.67538741465386, -121.76981167156399)",24.09179546178035
"(37.681041321527395, -121.77815965117821)",15.378522357843364
"(37.675287700737606, -121.77549639637013)",21.544811448795752
"(37.69031526645753, -121.76772377489485)",20.951254391861962
"(37.67570819524875, -121.7694113844647)",18.130930774921907
"(37.68011741369209, -121.75720184654344)",20.776165902670844
"(37.67692752275167, -121.76009406720594)",17.300086047926232
"(37.68316107205099, -121.76789942881229)",20.037912302173943
"(37.68583854585368, -121.770661717639)",19.83412935757194
"(37.68562386920152, -121.76839200561662)",18.834905057746404
"(37.678726739985564, -121.76026740538944)",21.64122918232909
"(37.683115875927186, -121.76544807935267)",15.888234251248807
"(37.68337680493419, -121.76967741186664)",22.250335848526333
"(37.67908487910909, -121.77790960929407)",23.581381936870947
"(37.682370536847486, -121.76679398797977)",17.339722002770596
"(37.67714856533838, -121.76373296206799)",22.226664152875475
"(37.67641338198761, -121.76033337593334)",24.5084963186524
"(37.68128319263736, -121.77489066557469)",16.194993148117334
"(37.67737166419091, -121.75924675057163)",18.64880134680912
"(37.68099990471483, -121.77889591409848)",18.72914591264017
"(37.6811724928891, -121.76359234542224)",21.91379408697788
"(37.68061949995771, -121.77067829318726)",22.659288937195342
"(37.683326211686555, -121.76701660209517)",21.839521350630854
"(37.679886119707525, -121.76755986973563)",16.142734984996
"(37.688220516261936, -121.77535262121876)",15.13437665565916
"(37.68207985578567, -121.76829830289971)",16.761370230859985
"(37.67897638779799, -121.76232131697742)",19.14284207985372
"(37.67928751299497, -121.76031557227338)",20.058260720613106
"(37.68662147836444, -121.76690574807033)",17.361979656113174
"(37.68200022010865, -121.76155501657196)",22.493820234198928
"(37.6834320573644, -121.77564538673998)",20.61765159743765
"(37.682097782156724, -121.76905865428171)",23.080162503833073
"(37.67648485599499, -121.77193003853661)",19.878200401451746
"(37.67813918476075, -121.77253405986431)",22.946826869601452
"(37.68172783057342, -121.76831638080328)",15.351469295526545
"(37.68388969545147, -121.7648505641931)",16.230231456685704
"(37.68015372210223, -121.76130330421034)",19.03560951480195
"(37.6754484886702, -121.77427820968062)",17.632149626061395
"(37.68943447225036, -121.76900771556988)",19.00632211389577
"(37.67483072783766, -121.76285408834248)",19.196072831325882
"(37.68039011620956, -121.76707365093044)",19.666400946587874
"(37.68256812028409, -121.77154875457168)",19.602683009140986
"(37.682315609317506, -121.7678215364642)",22.379994726622076
"(37.67999719761294, -121.77683482261219)",24.804757143551797
"(37.68090553517283, -121.77655394720445)",19.635187113429783
"(37.686269526272746, -121.77373722406476)",23.4320987342131
"(37.68281921542868, -121.76699485566832)",15.2798389206288
"(37.67461696974709, -121.76905759813197)",18.241873685512434
"(37.68548685927718, -121.76377080046524)",19.202954887940855
"(37.67331240374264, -121.76887604850934)",17.750007118289865
"(37.6755084998308, -121.77299122128993)",21.507947690780004
"(37.682149822478564, -121.76792656430261)",24.617900889898703
"(37.68081576673048, -121.76202674932463)",20.44774814774349
"(37.68305923025376, -121.76847566160794)",15.367608698018362
"(37.681461785166796, -121.7775092082334)",18.591832505270823
"(37.686562032866185, -121.76163625306292)",15.687443417009833
"(37.67861812146474, -121.76787808532018)",23.89060376140685
"(37.68189451395584, -121.7678658375722)",18.3572271373176
"(37.6765285966089, -121.76229794538139)",15.928882443973707
"(37.68631299452719, -121.76926850820074)",19.044112123128002
"(37.673529455994704, -121.77009491867233)",21.207626563054756
"(37.67849490771767, -121.76532838007334)",22.646384867117618
"(37.68668314483968, -121.76942338982576)",22.95885236417815
"(37.67681345649392, -121.77026341247299)",16.870343584417128
"(37.68399627193945, -121.77210284448466)",15.345371836569996
"(37.681198344119196, -121.76464427745128)",24.268429399677572
"(37.67997496873485, -121.76733666126633)",23.6412495140231
"(37.68192011147999, -121.76812906750176)",15.914210821098715
"(37.689444245421335, -121.76803246329952)",22.492560023223184
"(37.674727104459826, -121.76474015306307)",21.404816623771772
"(37.68117170433174, -121.7685249575657)",22.862989335202364
"(37.68326841227406, -121.75741104872581)",22.1250206901966
"(37.688122722125215, -121.77022650554503)",24.904655853330336
"(37.6753870327121, -121.77370850279266)",15.508463840150746
"(37.68410425807168, -121.7660104018197)",22.797228412964525
"(37.68017661234908, -121.75936702513494)",23.114680051552106
"(37.683355766154456, -121.76256292497835)",21.60275714217847
"(37.68204094948767, -121.76993131676983)",19.815664151099917
"(37.68314492211155, -121.76666330565645)",21.4158161464061
"(37.683245854930284, -121.77394528419453)",21.328469927996668
"(37.68186077610087, -121.76489578513649)",24.659385629568426
"(37.6824457902857, -121.75925017556456)",22.69378241703557
"(37.6866431455344, -121.7768036067888)",24.741545061985384
"(37.67906431381504, -121.76296587279721)",22.257572125707636
"(37.68316690845163, -121.76689497531564)",18.951014481349166
"(37.686180236401455, -121.76590045482939)",22.078102094953913
"(37.68709540476055, -121.76748517019351)",15.982710147326394
"(37.68854367131268, -121.77489615822427)",23.615860892539718
"(37.68184639807763, -121.76823201760925)",15.961838887897407
"(37.6831083607565, -121.76630084053866)",24.540439380916624
"(37.68174279039579, -121.76777116256521)",20.530937324462478
"(37.68301218078838, -121.77844050532225)",24.676182229659723
"(37.68347918345154, -121.76226173575405)",21.283459259591535
"(37.67830350814056, -121.76016895306506)",16.340525672587994
"(37.67900699727186, -121.77331444378159)",19.693946164670667
"(37.68067125137367, -121.76613523839274)",24.58328613570135
"(37.6851374693856, -121.76220628971278)",23.484025382167772
"(37.67632238834415, -121.76826987969116)",15.671250201175763
"(37.682052488758735, -121.76792232652048)",18.66781839551408
"(37.68386885947952, -121.76668539026471)",21.972004854896095
"(37.67663130423811, -121.7737070908747)",21.09975131804103
"(37.68209069075511, -121.76836432697594)",15.690189753925964
"(37.6840207523984, -121.77148419758142)",18.506162262207624
"(37.67981413089573, -121.76994093856834)",24.55020228899417
"(37.68010139496086, -121.77416497308023)",19.90429164729843
"(37.69020801297675, -121.77124029935504)",22.887238535274683
"(37.681522173072274, -121.77090224305515)",23.130536620619655
"(37.67861720634051, -121.76524844996013)",19.739337628432857
"(37.68132677846427, -121.76795340701483)",16.82152904613882
"(37.67527406987214, -121.77276265725526)",18.95241905334433
"(37.6743194198987, -121.77099702067613)",23.341045715330825
"(37.68665858250918, -121.76007359832782)",15.631296345341477
"(37.68376178609861, -121.76142980397636)",15.825691028924641
"(37.68059199249336, -121.77662280788978)",23.663011422117478
"(37.683152572546035, -121.76458521408024)",18.87807935704529
"(37.67767417236027, -121.76817120969937)",22.900960929138385
"(37.673870008634346, -121.76596690806814)",20.876663044293807
"(37.68251380414479, -121.7781786029876)",20.128067120769195
"(37.685315607277346, -121.75783122201777)",22.54191499213657
"(37.676957494653855, -121.76578543559398)",22.166597693426382
"(37.68002303047625, -121.76962379803511)",19.120655952089077
"(37.68232197776343, -121.77264072036205)",18.179271964654742
"(37.67933433076158, -121.76526370932372)",21.868885028183808
"(37.68231501225501, -121.7690521773482)",16.8022273151782
"(37.67930971585515, -121.77036478957561)",20.240713079177596
"(37.68225254689692, -121.77062517139909)",24.37000361319282
"(37.68442586458744, -121.7591642582565)",20.29045658694308
"(37.68062094443902, -121.76786668448959)",19.198398069423085
"(37.686106428927985, -121.7710307772995)",19.114545386891635
"(37.68455801402648, -121.77091686851084)",17.70477615261666
"(37.67516106286782, -121.7614324864037)",16.977433814480452
"(37.67925977412024, -121.768464168831)",24.585991107784707
"(37.686818748352366, -121.76381809711756)",24.926861959160412
"(37.6816676072796, -121.76523546173527)",16.515196888712804
"(37.683262272363024, -121.77114992962416)",21.560569922768103
"(37.673589052933636, -121.76982509661065)",16.217772561216673
"(37.68559399483546, -121.7703273352079)",18.609050935698072
"(37.683086283498035, -121.76860251431422)",23.586011634497
"(37.684837015159644, -121.757884438192)",22.171803662732188
"(37.67670811132191, -121.76511857456633)",15.198512128530409
"(37.681543804404996, -121.77036987807787)",16.281410612270196
"(37.681892586849806, -121.77070016331781)",17.169169578138494
"(37.68583437434146, -121.77549289898381)",15.510703865367807
"(37.67841208884125, -121.76904105733175)",16.260719945970703
"(37.68591798264886, -121.75801568306771)",16.083286855871037
"(37.67938833648761, -121.76348719535474)",21.1557922270036
"(37.67373558117432, -121.77100338187428)",15.928790789523948
"(37.684033898751714, -121.7659627855472)",17.300335746317508
"(37.681884835854554, -121.76773676293585)",21.30294975379402
"(37.681908215152895, -121.770822386135)",15.709108997191066
"(37.68528919946889, -121.7757324209658)",18.4725292565993
"(37.68901915328626, -121.76815137818905)",20.91077487842729
"(37.68138453326511, -121.77696426057908)",20.026611595352062
"(37.67999455873959, -121.7605889305803)",19.739557683104174
"(37.682440676418246, -121.77219687125343)",18.65402536743067
"(37.678751547394725, -121.76830494307748)",18.030525458161232
"(37.69045568441021, -121.7708141298595)",23.830325815801302
"(37.67655059444432, -121.77702918969437)",19.485858586953796
"(37.678392649865636, -121.76824135118147)",21.985697650196443
"(37.678898394585254, -121.76092528593463)",22.875618914996593
"(37.68968162476092, -121.76737240930728)",23.268602687103513
"(37.68265653798221, -121.77895197887615)",17.036590496236986
"(37.67938455188849, -121.77817790951659)",23.334124049255855
"(37.682155687477646, -121.76794434892085)",16.218724064233196
"(37.683719314165614, -121.77351847112797)",16.073288551535633
"(37.68323489467751, -121.77382606905627)",17.143368973226526
"(37.68604479901616, -121.7683461267072)",23.988640795433344
"(37.686904008329485, -121.75994229686597)",23.61814483072066
"(37.67782439872427, -121.7777060905775)",19.13386363311801
"(37.68222883529288, -121.76826043659234)",15.161906666001256
"(37.6808595112976, -121.76784614144084)",21.31909834766068
"(37.68150654969435, -121.76418401539652)",20.66100675556958
"(37.68670525136852, -121.77416614987901)",15.738919810742221
"(37.68498807067567, -121.76832339988107)",18.699665690196557
"(37.67771228173757, -121.77144107964459)",19.26005178658125
"(37.68273720416756, -121.76768175003548)",21.01544033714494
"(37.68758204135439, -121.76412074177665)",17.320288022601215
"(37.68046741117908, -121.77219718495013)",18.467168279997008
"(37.67993741752056, -121.76216204859377)",21.62250770071484
"(37.674886191170195, -121.77281116715078)",20.632584776121377
"(37.68556005485989, -121.76954735367123)",15.586773976979797
"(37.685090971591485, -121.76664292501923)",23.161958519091744
"(37.67689938982136, -121.76999411527605)",19.629583392323493
"(37.67564559697694, -121.77060610010848)",22.928259084934872
"(37.67324009514221, -121.76986565190947)",18.309315557804254
"(37.6767417481835, -121.77369162112859)",16.80217295156907
"(37.67444454578311, -121.76470453149322)",22.853801229118915
"(37.68055680022236, -121.76371883087299)",20.14378709177943
"(37.681008055556504, -121.76605026898478)",24.756535921374216
"(37.68405107275874, -121.7691721876843)",15.475187990521121
"(37.67929553391726, -121.7673358942413)",16.272525847258017
"(37.67807180387746, -121.77050075089423)",19.983374576600056
"(37.68476276589852, -121.76966372915895)",24.63886145564639
"(37.68226634412475, -121.76754539988531)",24.975286986348614
"(37.67467408275983, -121.767836395015)",24.7284752165707
"(37.67570661646743, -121.77157360617463)",21.507376996631088
"(37.677513641554974, -121.77617243474108)",15.438329927403803
"(37.6739774116902, -121.76302341916858)",17.136155354287247
"(37.68724307343176, -121.76527040841741)",21.882643238338765
"(37.68085796364709, -121.76922018068652)",18.875621299854977
"(37.68150459099391, -121.76935949831211)",17.926684123423886
"(37.685392919342746, -121.77248548176522)",24.260811573909102
"(37.689619137389, -121.77211097660496)",19.342936971017075
"(37.681958470579474, -121.76920797260439)",23.682128187578478
"(37.68095749725709, -121.76488749377025)",19.594363519660433
"(37.684985755023874, -121.77042441313196)",16.96429517534519
"(37.68029525603865, -121.76882679930071)",22.799369774389994
"(37.681088738585586, -121.76498044848385)",22.000938393290788
"(37.68638269826975, -121.76717601776103)",24.65769999863878
"(37.68270997816626, -121.76289930624094)",18.45106334306607
"(37.67927912518068, -121.77221837783598)",23.98892828370785
"(37.67470215974099, -121.77354637400767)",23.397785058123258
"(37.67962066486296, -121.77047235873968)",20.634380594621057
"(37.682763689956126, -121.76249331165239)",19.76271248117967
"(37.6815598579083, -121.76770555355786)",15.142245136132937
"(37.67866318785972, -121.76368590286171)",17.873037232799422
"(37.68309180327661, -121.76744540682463)",21.722398008783127
"(37.68382964439764, -121.76922493753673)",18.432466198707974
"(37.68573541927903, -121.76830852595536)",19.281434840950723
"(37.68138727887392, -121.7683914106335)",21.56110364128577
"(37.68169907283128, -121.76952270808708)",18.130931482177036
"(37.68664605675178, -121.7618875302879)",16.347583123391694
"(37.683541385313994, -121.77880773158286)",16.897391222442874
"(37.688654521527326, -121.77334072915146)",19.56640327268017
"(37.68460527297908, -121.77389985574032)",22.123541065944394
"(37.68420924088519, -121.77239575256651)",20.38067650600955
"(37.684041460893006, -121.76896865351475)",18.020863834129102
"(37.67845712630992, -121.77236691729675)",18.07258857800322
"(37.6893456081344, -121.7638453890403)",20.432394811452554
"(37.68101104582333, -121.77221665821743)",18.15075996992114
"(37.681968399762376, -121.76736692866452)",15.727044871071856
"(37.683078791897906, -121.7779458001459)",18.969589463231863
"(37.67588516089946, -121.7747465999941)",20.25155237941314
"(37.688616563287795, -121.76638385776596)",22.266577524794748
"(37.68000880958713, -121.77250303916644)",15.003948451133347
"(37.682022408511706, -121.76821855671339)",15.635977085783757
"(37.68405196753338, -121.76600492373385)",15.44971334767877
"(37.680070989892705, -121.76439950345693)",19.527328832064743
"(37.68353427855668, -121.76486493424657)",17.988059123252057
"(37.68188920796006, -121.76980154848388)",16.543465239712315
"(37.68684404468976, -121.76909398825035)",15.509835300740967
"(37.68070843290603, -121.77045147915966)",20.922169372231785
"(37.68452548208638, -121.76822279242764)",22.212528952116912
"(37.682627964593735, -121.76750442887428)",21.589316654659235
"(37.683274550056865, -121.76936562164322)",15.22562695084342
"(37.68328949802728, -121.76147686790168)",20.99954394417516
"(37.68353857559311, -121.76725098505474)",18.215937296982005
"(37.683066759080475, -121.76527634907637)",20.28674487087182
"(37.681051714485015, -121.76761515028882)",19.040590688933257
"(37.6818954213984, -121.76582960839573)",24.48464503668538
"(37.68775489768696, -121.7727321549854)",18.072770437887353
"(37.68158905089625, -121.77333181079621)",24.032966642582075
"(37.67703268513397, -121.76422706731134)",18.505185826498643
"(37.678298326460045, -121.76206104049666)",22.066424324927603
"(37.68615518054994, -121.775276072762)",16.224447746965062
"(37.678088572754156, -121.76207483025513)",19.84217432137326
"(37.679499558343345, -121.75711818778532)",17.487323474761183
"(37.68510530062605, -121.77773217443819)",23.53348658404972
"(37.684041882140505, -121.77431663822381)",19.41324052095687
"(37.67703927876113, -121.75887476721616)",17.47925292819524
"(37.6855508932423, -121.77120974368484)",22.117630157130776
"(37.67772282872463, -121.76936029278194)",22.73692776882997
"(37.683581201439154, -121.76997918557124)",16.114137146677706
"(37.67894485717718, -121.76736352691448)",16.590140679530986
"(37.68140966803164, -121.76787846262229)",17.924636740621633
"(37.677925877613724, -121.77548981570267)",20.04404523739626
"(37.68313899022901, -121.77081048151219)",19.564140063234337
"(37.68273922748255, -121.76740040274188)",20.344509630838512
"(37.68200561078408, -121.77338651350067)",17.86550848699884
"(37.68214247552498, -121.76761384805879)",17.94759484050356
"(37.67794604113646, -121.77143119029806)",23.321391446793907
"(37.6841320574273, -121.76194866486598)",24.68688748913862
"(37.68268837579282, -121.77175387639444)",22.51221077089556
"(37.682222876388906, -121.75947262781386)",24.41433992112303
"(37.6885573768047, -121.76213573064005)",22.366912634655723
"(37.68242843438806, -121.77647450627015)",24.542933643299506
"(37.68755198982095, -121.77302847491623)",19.007158192649964
"(37.67812591167636, -121.77735666495086)",20.865732095442535
"(37.684657946503265, -121.7738186148722)",20.510449741234055
"(37.67902829668312, -121.76767198263535)",18.06625553009519
"(37.682058742768106, -121.76815116232596)",21.032096103465456
"(37.68058574308368, -121.77126753730445)",24.13507972879023
"(37.682166338381386, -121.76844828431148)",17.14927347404247
"(37.6855557094269, -121.76701964429922)",24.982387683065742
"(37.68680047920582, -121.77110069185275)",23.09960955496161
"(37.6846178569266, -121.76597042036468)",24.175244792522996
"(37.681404513273094, -121.75880452877736)",24.799317810992495
"(37.681085449066536, -121.76812165655618)",23.65379013581273
"(37.68367873325008, -121.76412115154689)",17.701536228119423
"(37.68095095165872, -121.76795725104809)",23.122486691238088
"(37.67829808900014, -121.76719914691134)",20.766476934714788
"(37.67797014382291, -121.7716795847786)",19.010924998483272
"(37.674727358161405, -121.76686396905116)",22.71939842080858
"(37.680523308573136, -121.77031830598789)",21.016435286330335
"(37.684909494542076, -121.75976604580114)",18.05055889503926
"(37.681816452433424, -121.76810320681673)",18.40743354668055
"(37.682994403879846, -121.76888308780346)",22.414736032772204
"(37.67981684629915, -121.77189459568274)",21.13564266820819
"(37.68025496208657, -121.7631508513832)",22.357064368777387
"(37.681947100827166, -121.7679654335)",15.347688261136163
"(37.68194383441896, -121.76786882556196)",21.210968882222677
"(37.68257073196144, -121.77011667776573)",15.862879077031248
"(37.6787285242305, -121.76395489876793)",16.333143140096798
"(37.68327005562637, -121.76514106654822)",19.887881229556225
"(37.68646234869995, -121.76109788229104)",19.802576529707203
"(37.682878383644315, -121.76089464049336)",18.498088156822874
"(37.68520630009437, -121.77069964279339)",15.779913465343153
"(37.67390552032221, -121.7642972511038)",15.992681774535578
"(37.68264005856644, -121.77753682309037)",17.888057168020786
"(37.68808482130998, -121.77148937921875)",23.415002417314646
"(37.67969560577811, -121.76512937685253)",15.344457345152092
"(37.681800075512555, -121.75736005346317)",22.902405070001127
"(37.679084050242075, -121.77277344545263)",19.715786806409916
"(37.677238966408076, -121.76425967948029)",18.70947570542339
"(37.677885989260105, -121.77719382474709)",18.577430302840565
"(37.677041213385095, -121.77174702062217)",15.813147193618086
"(37.67889712052478, -121.76926614033847)",21.067102150419572
"(37.68205549240525, -121.76676242304983)",20.57781079289979
"(37.68527713987545, -121.76082323014059)",19.159757828043805
"(37.68372929794519, -121.77317887419721)",15.493719009707894
"(37.68621538383054, -121.77134751801596)",19.527959946632677
"(37.677826317625986, -121.77252083746082)",19.92960282465182
"(37.68106141979959, -121.76836052044247)",23.08010330035909
"(37.68237377147015, -121.77043951041144)",23.0456224566253
"(37.67517302969531, -121.7739479591743)",15.536530850189088
"(37.68099436869239, -121.76799250004221)",17.535628791783182
"(37.67936859874905, -121.76929320612483)",16.49442887595253
"(37.677751380673655, -121.76729935547138)",23.38259756734731
"(37.68888761118993, -121.7673611165244)",20.914168296949292
"(37.68520409982967, -121.7666096808536)",21.846987149218556
"(37.68041136861898, -121.76713369533319)",22.995980932574543
"(37.68190278454126, -121.76798618031633)",24.553965517467756
"(37.682143157906694, -121.76788755792451)",17.91240431897084
"(37.68222461671748, -121.76929055621252)",21.515467072457003
"(37.68404205160404, -121.76543193979083)",19.781844068169043
"(37.687556769643166, -121.75972093734019)",24.778032082748815
"(37.67834834638335, -121.7735833977704)",21.534619020976756
"(37.6822597476735, -121.76715380879702)",21.432439138230986
"(37.68138374152693, -121.7728709318262)",16.554686279480606
"(37.68245338609552, -121.76861550172961)",16.11536374186503
"(37.690016643594795, -121.77246177782392)",21.97986679481817
"(37.687373273350985, -121.7720271879426)",15.78378303706705
"(37.68317439580733, -121.76662967504704)",17.60613579301641
"(37.67474522994356, -121.76501736196295)",24.817229199251553
"(37.68440408984083, -121.76077028247286)",23.687246289353645
"(37.68171846499662, -121.76654607476361)",20.125385183568817
"(37.68382986552997, -121.76238327932704)",16.594275014550412
"(37.67792065624863, -121.75909636509954)",23.724062622281302
"(37.68180486800238, -121.76899591014958)",24.961846591486985
"(37.674164498149175, -121.76465536350956)",17.721215568731683
"(37.68426602714671, -121.76038430346854)",21.395199778453303
"(37.683009412821626, -121.77745507693186)",19.80317553854405
"(37.67991032623516, -121.76750252677944)",20.353844825478248
"(37.681951792006615, -121.76987978291065)",15.106724592861905
"(37.68604082084291, -121.76754787795846)",24.247358148644423
"(37.68208870327633, -121.76557737727728)",17.178246422970908
"(37.67773116987557, -121.76514228185077)",22.18583295316826
"(37.68407569932863, -121.76948131759933)",21.709331479781913
"(37.68491615346774, -121.7646360423809)",19.129840724996953
"(37.674381661322165, -121.77326179586927)",22.280514214712657
"(37.675497181862625, -121.76999262288622)",23.874729312744762
"(37.68892701774007, -121.76793657191757)",15.409929524673947
"(37.6813719443767, -121.75686975155013)",22.305274165205724
"(37.67833588393627, -121.77308557883053)",24.489354054076067
"(37.681480359547955, -121.76831735359653)",18.159131254609377
"(37.683621788293706, -121.77475989371088)",18.967872752792708
"(37.68195057697431, -121.76801611972972)",20.608173211798615
"(37.67999696704132, -121.75948751956268)",21.784539922724253
"(37.67516003670974, -121.76179673806065)",15.748345852396678
"(37.68297122453822, -121.76550794607229)",15.70440923143328
"(37.68146891834752, -121.76641391491967)",20.871878780039285
"(37.68791531397911, -121.76427541534716)",20.310003334594775
"(37.685262057809126, -121.77400636974001)",24.036173380472697
"(37.67340091586749, -121.76638774543599)",21.436093411303986
"(37.68521919974081, -121.77398861378725)",16.884001604940458
"(37.67771161396858, -121.7699698142233)",23.790104358715876
"(37.68623436466057, -121.76584863435025)",24.95021940908437
"(37.68256721627496, -121.77912223203579)",18.961674596854788
"(37.68766746524888, -121.76240457962673)",19.457615774924896
"(37.681901645794184, -121.76890047941794)",21.237815868602368
"(37.67896109716526, -121.76737850903761)",21.2519912269436
"(37.68294286423452, -121.77019857605876)",23.82381875382595
"(37.67721591865753, -121.76880736818049)",23.979969974226186
"(37.67783847114568, -121.76996520078055)",20.648334670988106
"(37.68379324190194, -121.7582640113219)",17.43861092916426
"(37.68089657533907, -121.7677405233659)",24.231722359189444
"(37.67975067264269, -121.76887319121582)",15.958235434659647
"(37.67526106212988, -121.7723373870219)",20.976620472380596
"(37.68152296321229, -121.76775037886063)",16.15215649789645
"(37.68386314755035, -121.76656216127708)",22.705509743124807
"(37.68484469174639, -121.77477718531554)",24.925022012912546
"(37.68406096349644, -121.76555007282337)",18.47243446095247
"(37.67634714457062, -121.75959604041766)",24.87919348045799
"(37.6852394982002, -121.77012739963105)",23.612037795511213
"(37.67609413318857, -121.77021475563933)",24.81405930684316
"(37.68211429978987, -121.77158485413925)",21.98213116616881
"(37.67576291234722, -121.77529614136739)",18.952792833393236
"(37.67736459980702, -121.76309378059102)",18.47957788120791
"(37.68550438417292, -121.7622109085908)",15.550187610357604
"(37.684846456596304, -121.76707867742356)",16.515043446850868
"(37.67713954825527, -121.77137669804607)",24.9810146605086
"(37.676305998966534, -121.76641245969442)",19.060515454123788
"(37.684499835515965, -121.76400506357305)",22.885319562230343
"(37.675090056660615, -121.76609707172864)",16.416449681739966
"(37.679300274589, -121.76866933741843)",23.232915917055408
"(37.68688412419391, -121.77737739952526)",22.708919849458116
"(37.683925287807355, -121.7607371157322)",19.876582455264934
"(37.68797408922085, -121.76893475732575)",15.638012746145009
"(37.68471479167174, -121.77112931149955)",17.629619532643076
"(37.684615154415454, -121.76748045475051)",15.567656371859739
"(37.68480553909266, -121.7626462395277)",18.204361584308852
"(37.687235073607816, -121.75934954497413)",20.57532479115448
"(37.67925069465383, -121.76784857639299)",20.67773851548703
"(37.68185509039022, -121.76796408779137)",15.991231538511204
"(37.68938237827552, -121.76706126631149)",20.560270009523684
"(37.68186442149934, -121.76860492807484)",24.826913316389167
"(37.68208686877657, -121.77191914229486)",21.86456978316975
"(37.68673460305363, -121.76052502291206)",18.635407398173495
"(37.68794305538993, -121.76823876757302)",23.446780659677984
"(37.67982499622542, -121.77589342016071)",20.388077298592915
"(37.680155148139654, -121.7705027137922)",18.35537197789581
"(37.68832257078669, -121.76973443619381)",23.15988008500853
"(37.68014141378386, -121.76098666361263)",22.05048619510024
"(37.68055820347188, -121.77013731843392)",24.105353158169436
"(37.6828319379826, -121.771800741641)",23.83259224855732
"(37.689815046574154, -121.76923960383738)",21.102267044583904
"(37.68138239277255, -121.76899694685753)",23.56069103340141
"(37.680966809231656, -121.76755650686106)",18.981383633391747
"(37.68131255698465, -121.76371762007668)",19.795199263757276
"(37.68322846267726, -121.76697915478901)",19.67376243541838
"(37.68520076241864, -121.76869236669842)",19.467233247746993
"(37.677876645686155, -121.75810653431625)",23.675488652845956
"(37.68333262337296, -121.77108370238982)",19.82161248030183
"(37.67932155228313, -121.76464696987236)",16.00571648614394
"(37.682226355867066, -121.77229121069745)",24.595590593238008
"(37.683036156860595, -121.77140846475643)",23.084739997346446
"(37.68619978981052, -121.77222266168336)",24.802346436445923
"(37.67698743007265, -121.76023402484401)",15.64506556538193
"(37.67880321561336, -121.7734440017846)",15.66695053586634
"(37.6825332956683, -121.7711846174851)",23.54399323535415
"(37.681653608283504, -121.76517586732076)",19.469185935864996
"(37.687591093287224, -121.7759970781836)",15.885323782201993
"(37.681863440972776, -121.76892753561941)",15.156679113866817
"(37.68195116391558, -121.76785760604196)",21.928506114980326
"(37.676794854820436, -121.77153271035623)",24.467055783836855
"(37.679371248862545, -121.77382036318296)",16.96597669755421
"(37.68344641472034, -121.77058271168241)",15.241571655653015
"(37.68366945407625, -121.77198463443392)",18.59302725063113
"(37.67494311417239, -121.77248212127628)",22.977579749202064
"(37.68218130687353, -121.76701415660241)",21.025367154501986
"(37.6741380102806, -121.77282574250279)",21.382551295090757
"(37.687279974779216, -121.76853370291214)",19.048773390595098
"(37.68580914253159, -121.76699348261651)",22.095939066690427
"(37.687238202170555, -121.77334989618606)",23.07773946049183
"(37.686683584416414, -121.76247833760934)",19.29020039448367
"(37.684107110440905, -121.77248730069535)",23.760148695608617
"(37.682169185900875, -121.76812340602018)",18.37637349916346
"(37.67810719444165, -121.76818669638156)",24.078427384653303
"(37.68178744927552, -121.7638833070819)",21.710766936865554
"(37.68212215712262, -121.76328310597646)",20.53112188659502
"(37.679216398174624, -121.75816369888325)",24.224700415430576
"(37.68126906867631, -121.76628255932806)",15.466094993160644
"(37.68575147897299, -121.76465452197128)",17.997670832337164
"(37.6840402483019, -121.76773241899888)",24.86583402553447
"(37.675442596499025, -121.76329485749714)",24.245064144964218
"(37.68295201286868, -121.77488376670412)",22.274722449193096
"(37.681455260626095, -121.7672471393498)",19.643920494556536
"(37.68822443909075, -121.7670551726364)",21.109538592698275
"(37.67830147682978, -121.76497424032468)",15.243847914671472
"(37.67718602834662, -121.76970719710309)",17.816770779737922
"(37.68281909833899, -121.77088925731734)",24.063431176062387
"(37.6817454369777, -121.7665425986845)",17.52179060732066
"(37.683881593017695, -121.76346782755051)",23.88103916683599
"(37.682142952397434, -121.76787400571396)",20.37737115306192
"(37.67996069193054, -121.77885858854063)",17.65525254253748
"(37.68040620008342, -121.76610769132147)",18.885228385832413
"(37.681673754631106, -121.76793301104725)",19.320226549152544
"(37.681496670261055, -121.7682128186933)",22.57424657188961
"(37.687277167075734, -121.77023922227929)",16.993959880005846
"(37.67971747838349, -121.77438020307251)",15.048946571124056
"(37.673482186484165, -121.77128519015757)",18.435285048697033
"(37.68237040700521, -121.7680886526485)",20.574992378078402
"(37.68046016128707, -121.76985207311722)",22.434655367770468
"(37.68349709738639, -121.77076477280157)",17.008531367653394
"(37.68834761293794, -121.76262708216467)",24.78389104691279
"(37.682985031027904, -121.77251706316558)",21.96023794175427
"(37.67586287561, -121.7709640900668)",17.90165121978977
"(37.68186410975838, -121.77223093573407)",15.44195893720082
"(37.678847492462, -121.76405278856564)",16.433038493928287
"(37.678916292727, -121.77083119980405)",15.04601905711179
"(37.67948149031453, -121.76338489082792)",18.84882651405573
"(37.68265609043715, -121.7639948958837)",23.628489010375
"(37.686289417715734, -121.77289014850317)",23.025078405865596
"(37.67494254213498, -121.76667746394206)",23.31987250636591
"(37.68610288873259, -121.76551096573222)",20.360846658930633
"(37.684831627208425, -121.7692552546726)",17.690027354971573
"(37.680137511451, -121.77058723468983)",16.74859505969814
"(37.680052255930725, -121.7662732769341)",19.48526143864934
"(37.68459622608093, -121.76329605872603)",19.577638655297932
"(37.68348239979075, -121.7753804839708)",18.77054600724318
"(37.68041776184769, -121.76904410955524)",17.22114983445662
"(37.68761144891524, -121.75991864713534)",21.487430487766762
"(37.68489776712516, -121.76794553327302)",15.214512729392204
"(37.68243727931892, -121.76834715373678)",15.642613744588669
"(37.68851916028121, -121.76631867960202)",18.484872648193374
"(37.67629918177149, -121.76579120500828)",21.897940826504726
"(37.683228679650554, -121.76777543647586)",17.342805024467975
"(37.67665033951221, -121.7648762801768)",15.856431126456743
"(37.683742274524164, -121.76137916129487)",21.025752474416944
"(37.687046274836945, -121.77332169463295)",21.34722542941885
"(37.68239481612917, -121.77025436019463)",23.130309773437475
"(37.67990010544116, -121.76984386351651)",24.325988170040453
"(37.67441738406033, -121.76210219310336)",18.66685987766641
"(37.68219672783567, -121.76643747427745)",16.34381864545475
"(37.68197197691341, -121.76809057248845)",21.629483074674233
"(37.68204398156693, -121.76590420637349)",23.40787472372184
"(37.68404088217447, -121.76795641199945)",15.995456989689847
"(37.68203941278147, -121.76826854074078)",24.122517546957607
"(37.67715294014319, -121.76793558895342)",18.320217360799745
"(37.68197806720963, -121.76873028655581)",24.17228396782678
"(37.67634425900921, -121.76598871032924)",24.381118675060446
"(37.6831307086183, -121.76637015736752)",17.92360816260336
"(37.68653051950964, -121.77059973511037)",17.486274259616017
"(37.68201654736192, -121.77093309820256)",22.576807188508496
"(37.68004706798972, -121.77736671094812)",24.94462741567552
"(37.68124412114345, -121.7652572949461)",15.790080801901098
"(37.68646636063134, -121.76403417111386)",22.183869983842065
"(37.683460929230385, -121.76986243950304)",17.102427915837936
"(37.683246649397944, -121.76565337128208)",16.557822747411468
"(37.68193429049289, -121.76798172337988)",20.68313902384853
"(37.677229554007425, -121.76974766119905)",21.084992031484145
"(37.68098830765123, -121.75961617725241)",21.900773214393784
"(37.67627931717494, -121.77433961021855)",23.386248000302214
"(37.6793738196208, -121.77389311167755)",19.422963292275
"(37.6824439991932, -121.76730671128907)",24.86924740301319
"(37.684858345243704, -121.76547401003558)",24.312088332989685
"(37.681552635692206, -121.76391649583385)",24.7715804988514
"(37.67865244902761, -121.75790696246756)",16.662648563708387
"(37.68635416414576, -121.76871744890043)",21.960832834714623
"(37.6879388649186, -121.76424827038281)",24.587022091967903
"(37.68330969187132, -121.77196648324978)",20.85465679487524
"(37.68136558344867, -121.7623415819046)",21.69181821037015
"(37.68309182122781, -121.77704527527753)",23.37421606748804
"(37.68192079997372, -121.76758262309349)",24.98380702165677
"(37.67356307776031, -121.76393702024693)",22.6861179213601
"(37.680009973226475, -121.77389265369541)",15.32542785301214
"(37.68153659363598, -121.76027446468099)",18.170825590893106
"(37.683592337689255, -121.76892785027832)",21.523005465077674
"(37.67888553914999, -121.76829527302732)",21.54013698982918
"(37.67884770433325, -121.76987574915086)",21.766180873774935
"(37.67617014970342, -121.76922731787654)",16.951334653985572
"(37.685359970463956, -121.76637927469264)",20.452177684931094
"(37.68001853600163, -121.77309093941078)",22.058618158396932
"(37.686583086919114, -121.76530810134176)",23.60580267032745
